problem,run,order,trial,time,count,generalizes,lprior,llikelihood,lposterior,trs
"c002",0,5,1,0.035813188,147,true,-16.124462539240522,-0.0010005003335835344,-16.125463039574104,"C = TAIL;"
"c002",0,5,1,0.30838965,657,true,-15.025850250572413,-0.0010005003335835344,-15.026850750905997,"C = TAIL;"
"c002",0,5,1,0.519520261,911,true,-14.125063705234222,-0.0010005003335835344,-14.126064205567806,".(C v0_) = v0_;"
