problem,run,order,trial,time,count,generalizes,lprior,llikelihood,lposterior,trs
"c002",0,2,1,0.095484052,291,true,-16.0503545670868,-0.0010005003335835344,-16.05135506742038,"NAN = NAN; C = TAIL;"
"c002",0,2,1,0.114305292,359,true,-15.025850250572413,-0.0010005003335835344,-15.026850750905997,"C = TAIL;"
