problem,run,order,trial,time,count,generalizes,lprior,llikelihood,lposterior,trs
"c002",0,3,1,0.00349503,7,true,-18.203904080920356,-0.0010005003335835344,-18.20490458125394,"C = .(.(IF TRUE) .(TAIL NIL));"
"c002",0,3,1,0.04372712,46,true,-9.075207697984686,-0.0010005003335835344,-9.07620819831827,"C = TAIL;"
