problem,run,order,trial,time,count,generalizes,lprior,llikelihood,lposterior,trs
"c005",0,4,1,0.151672674,275,true,-47.42542776245808,-0.0010005003335835344,-47.42642826279166,"FALSE = TRUE; C = .(.(.(.(.(IF FALSE) IF) IF) .(.(.(IF FALSE) .(EMPTY NIL)) FALSE)) .(C NIL));"
"c005",0,4,1,0.591960541,759,true,-16.455819675194963,-0.0010005003335835344,-16.456820175528545,"- = +; C = TAIL;"
"c005",0,4,1,0.701294827,888,true,-15.025850250572413,-0.0010005003335835344,-15.026850750905997,"C = TAIL;"
"c005",0,4,1,1.18996645,1426,true,-14.125063705234222,-0.0010005003335835344,-14.126064205567806,".(C v0_) = NIL;"
