problem,run,order,trial,time,count,generalizes,lprior,llikelihood,lposterior,trs
"c005",0,3,1,0.166827866,292,true,-16.0503545670868,-0.0010005003335835344,-16.05135506742038,"HEAD = HEAD; C = TAIL;"
"c005",0,3,1,0.347328018,554,true,-15.025850250572413,-0.0010005003335835344,-15.026850750905997,"C = TAIL;"
"c005",0,3,1,3.7854919369999998,5198,true,-14.125063705234222,-0.0010005003335835344,-14.126064205567806,".(C v0_) = NIL;"
