problem,run,order,trial,time,count,generalizes,lprior,llikelihood,lposterior,trs
"c005",0,5,1,0.182543841,286,true,-31.535158610718348,-0.0010005003335835344,-31.53615911105193,"EMPTY = EMPTY; C = .(.(IF FALSE) .(C .(TAIL .(TAIL NIL))));"
"c005",0,5,1,0.191631637,309,true,-15.025850250572413,-0.0010005003335835344,-15.026850750905997,"C = TAIL;"
"c005",0,5,1,0.761345651,896,true,-14.125063705234222,-0.0010005003335835344,-14.126064205567806,".(C v0_) = v0_;"
