problem,run,order,trial,time,count,generalizes,lprior,llikelihood,lposterior,trs
"c015",0,3,1,0.088411876,167,true,-16.124462539240522,-0.0010005003335835344,-16.125463039574104,"C = TAIL;"
"c015",0,3,1,0.253190121,434,true,-14.125063705234222,-0.0010005003335835344,-14.126064205567806,".(C v0_) = NIL;"
