problem,run,order,trial,time,count,generalizes,lprior,llikelihood,lposterior,trs
"c027",0,1,1,0.151126124,299,true,-16.0503545670868,-0.0010005003335835344,-16.05135506742038,"EMPTY = EMPTY; C = TAIL;"
"c027",0,1,1,0.198965843,351,true,-15.025850250572413,-0.0010005003335835344,-15.026850750905997,"C = TAIL;"
"c027",0,1,1,2.428232622,3345,true,-14.125063705234222,-0.0010005003335835344,-14.126064205567806,".(C v0_) = v0_;"
