problem,run,order,trial,time,count,generalizes,lprior,llikelihood,lposterior,trs
"c028",0,5,1,0.000749612,5,true,-17.798438972812193,-0.0010005003335835344,-17.799439473145775,"C = .(.(IF .(EMPTY NIL)) NIL);"
"c028",0,5,1,0.038303924,92,true,-9.075207697984686,-0.0010005003335835344,-9.07620819831827,"C = TAIL;"
