problem,run,order,trial,time,count,generalizes,lprior,llikelihood,lposterior,trs
"c030",0,1,1,0.103331938,211,true,-16.86128478330313,-0.0010005003335835344,-16.862285283636712,"> = >; C = TAIL;"
"c030",0,1,1,0.287281294,538,true,-15.025850250572413,-0.0010005003335835344,-15.026850750905997,"C = TAIL;"
"c030",0,1,1,1.853877971,2640,true,-14.125063705234222,-0.0010005003335835344,-14.126064205567806,".(C v0_) = NIL;"
