problem,run,order,trial,time,count,generalizes,lprior,llikelihood,lposterior,trs
"c030",0,3,1,0.001416196,4,true,-80.25795945574592,-0.0010005003335835344,-80.25895995607951,"C = .(CONS .(DIGIT .(.(.(IF TRUE) .(.(.(IF FALSE) 8) 9)) .(.(.(.(.(IF .(.(.(IF FALSE) .(.(> NAN) .(DIGIT 7))) FALSE)) .(IF TRUE)) .(IF TRUE)) 4) 4))));"
"c030",0,3,1,0.120119067,293,true,-16.0503545670868,-0.0010005003335835344,-16.05135506742038,"IF = IF; C = TAIL;"
"c030",0,3,1,0.22271048,496,true,-15.025850250572413,-0.0010005003335835344,-15.026850750905997,"C = TAIL;"
"c030",0,3,1,0.272117733,538,true,-9.075207697984686,-0.0010005003335835344,-9.07620819831827,"C = TAIL;"
