problem,run,order,trial,time,count,generalizes,lprior,llikelihood,lposterior,trs
"c031",0,5,1,0.042865086,82,true,-14.125063705234222,-0.0010005003335835344,-14.126064205567806,".(C v0_) = v0_;"
"c031",0,5,1,0.045693412,104,true,-9.075207697984686,-0.0010005003335835344,-9.07620819831827,"C = TAIL;"
