problem,run,order,trial,time,count,generalizes,lprior,llikelihood,lposterior,trs
"c031",0,1,1,0.091822521,144,true,-16.124462539240522,-0.0010005003335835344,-16.125463039574104,"C = TAIL;"
"c031",0,1,1,0.208175366,357,true,-16.0503545670868,-0.0010005003335835344,-16.05135506742038,"HEAD = HEAD; C = TAIL;"
"c031",0,1,1,0.273335436,486,true,-15.025850250572413,-0.0010005003335835344,-15.026850750905997,"C = TAIL;"
