problem,run,order,trial,time,count,generalizes,lprior,llikelihood,lposterior,trs
"c032",0,1,1,0.038837968,69,true,-14.125063705234222,-0.0010005003335835344,-14.126064205567806,".(C v0_) = NIL;"
"c032",0,1,1,0.048801194,103,true,-9.075207697984686,-0.0010005003335835344,-9.07620819831827,"C = TAIL;"
