problem,run,order,trial,time,count,generalizes,lprior,llikelihood,lposterior,trs
"c088",0,5,1,0.692553063,555,true,-16.531300331160658,-0.0010005003335835344,-16.53230083149424,"- = -; C = TAIL;"
"c088",0,5,1,0.70080247,563,true,-15.06359057855526,-0.0010005003335835344,-15.064591078888844,"C = TAIL;"
"c088",0,5,1,1.423197992,1162,true,-14.236912005370792,-0.0010005003335835344,-14.237912505704376,".(C v0_) = NIL;"
