problem,run,order,trial,time,count,generalizes,lprior,llikelihood,lposterior,trs
"c089",0,4,1,0.158139934,295,true,-16.531300331160658,-0.0010005003335835344,-16.53230083149424,"TRUE = TRUE; C = TAIL;"
"c089",0,4,1,0.416078105,555,true,-16.125835223052494,-0.0010005003335835344,-16.126835723386076,"HEAD = HEAD; C = TAIL;"
"c089",0,4,1,0.482530082,599,true,-15.06359057855526,-0.0010005003335835344,-15.064591078888844,"C = TAIL;"
"c089",0,4,1,2.464329955,3222,true,-14.236912005370792,-0.0010005003335835344,-14.237912505704376,".(C v0_) = v0_;"
