problem,run,order,trial,time,count,generalizes,lprior,llikelihood,lposterior,trs
"c089",0,3,1,0.26874587,277,true,-16.125835223052494,-0.0010005003335835344,-16.126835723386076,"HEAD = HEAD; C = TAIL;"
"c089",0,3,1,1.037053296,1008,true,-15.06359057855526,-0.0010005003335835344,-15.064591078888844,"C = TAIL;"
"c089",0,3,1,11.98960162,14744,true,-14.236912005370792,-0.0010005003335835344,-14.237912505704376,".(C v0_) = NIL;"
